,url
0,https://news.naver.com/main/read.nhn?mode=LSD&mid=sec&sid1=105&oid=366&aid=0000718024
1,https://news.naver.com/main/read.nhn?mode=LSD&mid=sec&sid1=101&oid=082&aid=0001091152
2,https://news.naver.com/main/read.nhn?mode=LSD&mid=sec&sid1=101&oid=011&aid=0003910608
3,https://news.naver.com/main/read.nhn?mode=LSD&mid=sec&sid1=106&oid=003&aid=0010500378
4,https://news.naver.com/main/read.nhn?mode=LSD&mid=sec&sid1=101&oid=421&aid=0005353409
5,https://news.naver.com/main/read.nhn?mode=LSD&mid=sec&sid1=101&oid=015&aid=0004547384
6,https://news.naver.com/main/read.nhn?mode=LSD&mid=sec&sid1=101&oid=057&aid=0001577132
7,https://news.naver.com/main/read.nhn?mode=LSD&mid=sec&sid1=105&oid=366&aid=0000718442
8,https://news.naver.com/main/read.nhn?mode=LSD&mid=sec&sid1=101&oid=018&aid=0004931681
9,https://news.naver.com/main/read.nhn?mode=LSD&mid=sec&sid1=101&oid=421&aid=0005355146
10,https://news.naver.com/main/read.nhn?mode=LSD&mid=sec&sid1=101&oid=031&aid=0000598976
11,https://news.naver.com/main/read.nhn?mode=LSD&mid=sec&sid1=105&oid=001&aid=0012396264
12,https://news.naver.com/main/read.nhn?mode=LSD&mid=sec&sid1=105&oid=366&aid=0000718017
13,https://news.naver.com/main/read.nhn?mode=LSD&mid=sec&sid1=101&oid=079&aid=0003504707
14,https://news.naver.com/main/read.nhn?mode=LSD&mid=sec&sid1=105&oid=293&aid=0000034700
15,https://news.naver.com/main/read.nhn?mode=LSD&mid=sec&sid1=100&oid=082&aid=0001091266
16,https://news.naver.com/main/read.nhn?mode=LSD&mid=sec&sid1=101&oid=277&aid=0004903496
17,https://news.naver.com/main/read.nhn?mode=LSD&mid=sec&sid1=101&oid=014&aid=0004639553
18,https://news.naver.com/main/read.nhn?mode=LSD&mid=sec&sid1=101&oid=003&aid=0010500258
19,https://news.naver.com/main/read.nhn?mode=LSD&mid=sec&sid1=101&oid=003&aid=0010500530
20,https://news.naver.com/main/read.nhn?mode=LSD&mid=sec&sid1=101&oid=011&aid=0003910579
21,https://news.naver.com/main/read.nhn?mode=LSD&mid=sec&sid1=101&oid=031&aid=0000598824
22,https://news.naver.com/main/read.nhn?mode=LSD&mid=sec&sid1=101&oid=001&aid=0012396354
23,https://news.naver.com/main/read.nhn?mode=LSD&mid=sec&sid1=101&oid=421&aid=0005353260
24,https://news.naver.com/main/read.nhn?mode=LSD&mid=sec&sid1=101&oid=056&aid=0011045114
25,https://news.naver.com/main/read.nhn?mode=LSD&mid=sec&sid1=101&oid=382&aid=0000910098
26,https://news.naver.com/main/read.nhn?mode=LSD&mid=sec&sid1=100&oid=421&aid=0005354188
27,https://news.naver.com/main/read.nhn?mode=LSD&mid=sec&sid1=100&oid=052&aid=0001588972
28,https://news.naver.com/main/read.nhn?mode=LSD&mid=sec&sid1=100&oid=001&aid=0012397269
29,https://news.naver.com/main/read.nhn?mode=LSD&mid=sec&sid1=101&oid=020&aid=0003357845
30,https://news.naver.com/main/read.nhn?mode=LSD&mid=sec&sid1=100&oid=119&aid=0002493491
